,HS8,Exporters,Exported value in 2016,Exported value in 2017,Exported value in 2018,Exported value in 2019,Exported value in 2020
0,,World,15230,11795,10023,1696.0,1870.0
1,,Norway,1531,1610,1088,1456.0,1724.0
2,,Greenland,0,0,0,48.0,45.0
3,,Canada,0,1,126,0.0,31.0
4,,South Africa,218,31,2,11.0,17.0
5,,Italy,4,1,2,13.0,15.0
6,,United Kingdom,0,0,1,0.0,13.0
7,,Netherlands,18,32,22,109.0,10.0
8,,United States of America,277,537,7,0.0,6.0
9,,Germany,0,0,0,4.0,5.0
10,,Denmark,0,0,0,0.0,3.0
11,,Myanmar,0,13,21,0.0,1.0
12,,Belgium,0,0,1,1.0,0.0
13,,Botswana,31,0,0,0.0,0.0
14,,Bulgaria,0,14,0,0.0,0.0
15,,Ireland,1,0,0,0.0,0.0
16,,Malaysia,0,0,0,16.0,0.0
17,,Hungary,2,1,1,1.0,0.0
18,,Iceland,13147,9328,8731,0.0,0.0
19,,Indonesia,0,204,0,0.0,0.0
20,,Poland,1,0,0,0.0,0.0
21,,Viet Nam,0,23,1,37.0,
22,,United Arab Emirates,0,0,4,0.0,
23,,"Iran, Islamic Republic of",0,0,16,,
