,HS8,Exporters,Exported value in 2016,Exported value in 2017,Exported value in 2018,Exported value in 2019,Exported value in 2020
0,,World,20226,18661,10683,7027,2668.0
1,,Netherlands,17110,15882,9237,6062,2095.0
2,,Denmark,46,83,146,262,159.0
3,,Romania,0,0,0,5,146.0
4,,United Kingdom,0,232,471,80,112.0
5,,Spain,570,13,120,19,77.0
6,,Germany,172,203,226,252,56.0
7,,Italy,24,9,8,17,8.0
8,,Bulgaria,0,0,0,0,6.0
9,,Greece,0,0,0,56,3.0
10,,United States of America,31,68,0,0,3.0
11,,Canada,60,0,0,0,1.0
12,,Belgium,4,14,17,3,1.0
13,,France,2038,2044,432,101,1.0
14,,Finland,11,0,0,0,0.0
15,,Australia,62,28,14,25,0.0
16,,Hungary,6,2,0,0,0.0
17,,Poland,0,0,0,67,0.0
18,,Portugal,75,21,0,32,0.0
19,,Malaysia,0,0,1,0,0.0
20,,Namibia,0,0,1,0,0.0
21,,Thailand,6,0,0,0,0.0
22,,Egypt,0,58,5,0,0.0
23,,Russian Federation,11,0,0,0,0.0
24,,South Africa,0,1,5,46,0.0
25,,Kuwait,0,3,0,0,
