,HS8,Exporters,Exported value in 2016,Exported value in 2017,Exported value in 2018,Exported value in 2019,Exported value in 2020
0,,World,13246,11430,6933,11547.0,1568.0
1,,United States of America,6,65,0,0.0,814.0
2,,Japan,3179,5622,3787,8112.0,585.0
3,,Germany,2,182,31,181.0,74.0
4,,Russian Federation,6861,3551,2075,864.0,58.0
5,,Uruguay,577,619,448,564.0,25.0
6,,Sudan,0,0,0,,12.0
7,,"Taipei, Chinese",0,0,0,224.0,0.0
8,,Netherlands,1,0,1,0.0,0.0
9,,Norway,11,0,1,0.0,0.0
10,,Saudi Arabia,2,0,0,0.0,0.0
11,,Singapore,846,0,0,0.0,0.0
12,,South Africa,0,0,0,1.0,0.0
13,,Spain,29,35,19,188.0,0.0
14,,Georgia,0,111,0,0.0,0.0
15,,Ukraine,24,0,0,236.0,0.0
16,,"Macedonia, North",0,0,0,2.0,0.0
17,,Egypt,0,1,0,0.0,0.0
18,,United Kingdom,0,0,0,85.0,0.0
19,,"Hong Kong, China",8,0,0,0.0,0.0
20,,"Korea, Republic of",41,0,248,70.0,0.0
21,,Latvia,0,0,0,2.0,0.0
22,,Malaysia,0,3,0,352.0,0.0
23,,Armenia,0,0,1,0.0,0.0
24,,Canada,6,0,0,0.0,0.0
25,,China,0,140,0,0.0,0.0
26,,Czech Republic,0,0,17,0.0,0.0
27,,Dominican Republic,22,0,0,0.0,
28,,Cuba,1191,500,0,,
29,,Cameroon,0,0,0,600.0,
30,,Angola,0,354,304,63.0,
31,,Bahrain,0,0,0,3.0,
32,,Mali,0,0,1,0.0,
33,,Kuwait,13,28,0,0.0,
34,,"Iran, Islamic Republic of",0,18,0,,
35,,Jamaica,0,201,0,0.0,
36,,Tunisia,427,0,0,0.0,
